{
  "az_offset_deg": 334.951171875,
  "el_offset_deg": 35.419921875
}